{
  "name": "urlsafety",
  "version": "1.0.0",
  "description": "URL phishing detection model using 25 features",
  "input_shape": [
    1,
    25
  ],
  "output_shape": [
    1,
    1
  ],
  "features": [
    "url_length",
    "digit_ratio",
    "special_ratio",
    "subdomain_count",
    "domain_length",
    "has_ip_address",
    "tld_risk",
    "hyphen_count",
    "brand_impersonation",
    "url_shortener",
    "homograph_risk",
    "subdomain_entropy",
    "phishing_pattern",
    "keyword_hits",
    "urgency_score",
    "entropy",
    "path_depth",
    "query_params",
    "form_count",
    "password_fields",
    "hidden_fields",
    "iframe_count",
    "external_link_ratio",
    "no_https",
    "non_std_port"
  ],
  "feature_weights": [
    0.30000001192092896,
    0.4000000059604645,
    0.5,
    0.6000000238418579,
    0.30000001192092896,
    0.8999999761581421,
    0.699999988079071,
    0.4000000059604645,
    0.949999988079071,
    0.699999988079071,
    0.8999999761581421,
    0.5,
    0.8500000238418579,
    0.6000000238418579,
    0.699999988079071,
    0.4000000059604645,
    0.30000001192092896,
    0.30000001192092896,
    0.5,
    0.800000011920929,
    0.6000000238418579,
    0.6499999761581421,
    0.6000000238418579,
    0.5,
    0.699999988079071
  ],
  "threshold": {
    "safe": 0.3,
    "suspicious": 0.5,
    "dangerous": 0.7,
    "critical": 0.9
  },
  "accuracy": 1.0,
  "auc": 1.0,
  "created": "2026-01-31"
}